message,type
"WINNER!! As a valued network customer you have been selected to receive a £900 prize reward!",spam
"区块高度： 23214976
时间： 2025-08-25 09:57:22
来源： 0x38aeae1371fe2a4ff776484f959b29e0ddc4c91a
目的： 币安合约矿池（合约***eA2A8b）
数量： 60 ETH(以太坊)
合约地址： 0xE6c3018e70A982BBfa5f162b1a81e21636eA2A8b (点击复制矿池合约地址，确保认准钱包识别官方最新矿池合约准确无误)",spam
"币安矿池-致力于提高流动性合约矿池收益稳定有保障、安全透明 

🔥为了推广全球币安智能链(ETH/BNB)的主流应用,期间将ETH存入链上去中心化流动性矿池合约，币安会将金额用于交易合约流动性，智能Ai来进行自动做市商，以获取利润。币安团队致力于提高用户收益采用最新FPPS、PPS+、PPS技术、人工智能Ai实现收益，准时结算，远离收益波动,用户发送的ETH流动性，矿池合约系统在30分钟之内自动交易并增（10%-20%收益）自动返还BNB，直接按总交易额为用户自动获取BNB流动性以及收益。  
🔥官方最新矿池合约活动详细图文说明：

币安矿池官方公告： https://pool.binance.com/
BNB矿池质押情况：https://www.bnbchain.org/en/bnb-staking

🔥新参与币安智能链用户满三次可自动获取交易流动性额外复利一次收益奖励BNB可达30%~40%收益。
认准钱包自动识别官方最新矿池合约地址：0xE6c3018e70A982BBfa5f162b1a81e21636eA2A8b
 👆   (点击地址复制)

👉为了您的财产安全，请不要相信任何人的私聊信息，点击联系活动24小时在线专属客服中心 菲菲
👉@BNBofficial_ff
【调用BNB矿池合约权益简略版教程】
1、任意交易所持有ETH或任意交易所购买ETH

2、支持任意ETH钱包，下载并创建ETH钱包
TP钱包：https://www.tokenpocket.pro/
ImToken钱包：https://token.im/
MetaMask钱包：https://MetaMask.io/

3、任意交易所提现Ethereum-ERC20转入用户钱包收款地址
 
 4、自动获取矿池合约BNB币：
打开钱包选择ETH（Ethereum-ERC20）
最小支持为0.1ETH，发送ETH流动性
确保认准钱包自动识别官方最新合约矿池地址为：
0xE6c3018e70A982BBfa5f162b1a81e21636eA2A8b
 👆   (点击地址复制)
 👆新参与币安智能链用户满三次可自动获取交易流动性额外复利一次收益奖励BNB可达30%~40%收益。
提币到钱包和调用矿池合约地址请使用主网络Ethereum-ERC20，切记！

 5、备注BNB 获取比例约为 1 : 5.5~~8 （矿池合约在30分钟内自动将ETH流动性交易BNB并自动增加10%~20%收益奖励自动转入每位用户的BNB Smart chain网络钱包中）
上述为举例说明，具体兑换比例按实时行情决定，目前利润空间在10-20%左右浮动单次；

6、如钱包在ETH（Ethereum-ERC20），BNB已到账未显示，请切换币安智能链BNB Smart chain网络查看到账的BNB。打开交易所APP找到充值，搜索BNB复制充值地址(BEP20/BSC)币安智能链,找到BNB/ETH交易对,换成ETH(ERC20)即可再次提现ETH（Ethereum）再次参与

7、矿池合约一天只能调用三次流动性矿池合约BNB奖励

⭐️（为了您的财产安全，请不要相信任何人的信息，客服不会主动私聊用户，如有疑问请点击联系唯一客服，以便帮助您解答任何疑问。）
👉 @BNBofficial_ff ",spam
"巨鲸社区 · 内部群 · 内幕群免费进群，进群要求替换专属的交易机器人链接：

(注：不收费，不收费，不收费
有一点小门槛筛选别有用心的人进群❗️)

https://t.me/pepeboost_soI6_bot?start=ref_gkldm

巨鲸内部群
    1.重新绑定交易bot，导入钱包。
    2.导入钱包且钱包至少有4sol。
    3.触发任意一笔交易截图待审核。
    4.截图私信助手 @jujing007 审核通过后拉你进入内部群

内部群优势：
热门土狗最早发布，发布速度领先于频道、社区。
信息的发出经过一定筛选，无pvp，群内都经过验资，互相交流同频。

巨鲸内幕群
    1.导入钱包且钱包至少有7sol
内幕群（只分享内幕消息），群里会教大家如何找寻alpha项目，如何判断一个币是否有潜力成为金狗，内幕群仅少量伙伴可以加入 @jujing007

注：加入内幕群的伙伴内部群也会拉❗️",spam
"【Sol链金狗群】每日精选，2-3个10倍以上潜力金狗项目！
加入我们，第一时间获取Solana链上最具爆发力的投资机会。每个项目都经过严格筛选，助你抓住下一个财富风口。
快速行动，超越市场，财富不等待！  ",spam
"接下来sol链有个百倍金狗，进频道第一时间了解 ",spam
"还在为找一个优质社区而烦恼吗？
这里是巨鲸社区，每天推荐的代币都是市场中的潜力巨星！ ",spam
"每日推荐2–3个10倍以上sol链金狗，顶级社区鲸鱼分享  ",spam
"每天一个1️⃣0️⃣倍金狗 ",spam
"还在为找一个优质社区而烦恼吗？

这里是巨鲸社区，每天推荐的代币都是市场中的潜力巨星！   ",spam
"寻找千倍alpha，顶级社区鲸鱼 ",spam
"以太坊再次拿下100點利潤，精準抄底信號，支撐壓力分析，實力吊打付費群組，點我頭像加入",spam
"在 币圈 想 赚 钱，那 你 不看这个 社 区就是 损 失，每 天免 费 策 略3-4天，吊打收 费 群 ，真 心 推 荐  ",spam
"在 币圈 想 赚 钱，那 你 不关 注 这 个 王 牌 社 区，真的太可惜了，真 心 推 荐，每 天 都 有 免 费 策 略  ",spam
"以太坊最新分析已經拿下300點利潤，精準抄底信號，支撐壓力分析，實力吊打付費群組，點我頭像加入",spam
"又爆仓了，不想玩了，这地址还有一万多UNI，随便找个有缘人拿去，助记词: gown eight swing merge labor vessel slice van panel slite sing wedding",spam
"合约是真不能玩，这次是真的死心了，决心退坑 里面还有159U谁要就提走，助记词",spam
"这是我的钱包助记词，不玩了，送给刷到的有缘人",spam
"朋友开发出了能随机碰撞助记词的工具，卖软件",spam
"昨天晚上转给兄弟们wld两倍了，跟上没？

这频道今天上午连翻倍三单，值得关注！",spam
"臥槽，這怎麼做到天天賺的，趕緊進來跟上看看，兄弟們撿錢了",spam
"
🧧🧧🧧🧧🧧🧧🧧🧧🧧🧧🧧🧧🧧🧧
🚀Click here to help me get 10 USDT cash, and you can also receive 10 USDT

🏃‍♂️💨First come, first served

👇Click to Open 10 USDT ",spam
"今天禁言群就推荐了三个币

$li  10倍
$daige 40倍
$fb  20倍",spam
"$kiki 最高突破83m，20倍❗️❗️❗️

㊙️禁言群即将公布下一个10倍密码",spam
